timestamp,username,action,succes
2025-12-08T18:32:35.441854,bob,creation_compte,False
2025-12-08T18:32:35.442882,bob,creation_compte,True
2025-12-08T18:32:35.443413,bob,connexion,True
2025-12-08T18:40:20.533114,pierre,creation_compte,True
2025-12-08T18:40:20.859021,marie,creation_compte,True
2025-12-08T18:40:20.859935,marie,connexion,True
2025-12-08T18:43:49.455928,Ihsane,creation_compte,True
2025-12-08T18:44:02.878671,ihsane,connexion,False
2025-12-08T18:44:09.166864,Ihsane,connexion,True
2025-12-08T18:58:46.097381,marie,connexion,True
2025-12-08T19:18:49.420756,Ihsane,connexion,True
2025-12-10T16:54:59.648507,Ihsane,connexion,True
2025-12-10T17:42:04.554942,Ihsane,connexion,True
2025-12-11T16:34:42.649422,Ihsane,connexion,True
2025-12-11T16:39:03.453472,Yanis,creation_compte,True
2025-12-11T16:39:14.858346,Yanis,connexion,True
2025-12-11T17:57:22.423439,admin,connexion,False
2025-12-11T17:57:53.499322,admin,connexion,False
2025-12-11T17:59:44.070475,admin,creation_compte,True
2025-12-11T17:59:55.676505,admin,connexion,True
2025-12-11T18:04:13.624858,admin,creation_compte,False
2025-12-11T18:05:01.229922,admin,connexion,True
2025-12-11T18:19:44.229194,Ihsane,connexion,False
2025-12-11T18:20:01.339615,Ihsane,connexion,False
2025-12-11T18:21:05.266928,Ihsane,connexion,False
2025-12-11T18:21:21.185597,Theo,creation_compte,True
2025-12-11T18:21:29.605997,Theo,connexion,True
2025-12-11T18:23:41.964175,admin,connexion,True
2025-12-12T18:12:00.643740,admin,connexion,True
2025-12-15T13:27:32.696432,admin,connexion,True
2025-12-15T13:38:40.759426,ihsane,connexion,False
2025-12-15T13:38:49.717213,ihsane,connexion,False
2025-12-15T13:39:10.588930,Ihsane,connexion,False
2025-12-15T13:39:19.515318,Ihsane,connexion,True
2025-12-15T13:48:26.508376,admin,connexion,True
2026-01-05T08:26:38.613437,admin,connexion,True
2026-01-05T08:26:51.984210,admin,connexion,False
2026-01-05T08:27:13.948447,theo,creation_compte,False
2026-01-05T08:27:46.496100,admin,connexion,True
2026-01-05T08:28:34.239999,admin,connexion,True
2026-01-05T08:29:38.300186,admin,connexion,True
2026-01-05T08:35:16.840226,admin,connexion,True
2026-01-05T08:37:16.324758,admin,connexion,True
2026-01-05T08:41:13.221346,admin,connexion,True
